"table_name","column_name","data_type","character_maximum_length","is_nullable","column_default","column_description"
"activity_log","id","uuid",NULL,"NO","uuid_generate_v4()",NULL
"activity_log","user_id","uuid",NULL,"YES",NULL,NULL
"activity_log","entity_id","uuid",NULL,"YES",NULL,NULL
"activity_log","entity_type","character varying",100,"YES",NULL,NULL
"activity_log","action","character varying",100,"YES",NULL,NULL
"activity_log","occurred_at","timestamp with time zone",NULL,"YES","now()",NULL
"activity_log","ip_address","character varying",50,"YES",NULL,NULL
"activity_log","user_agent","text",NULL,"YES",NULL,NULL
"activity_log","device","jsonb",NULL,"YES",NULL,NULL
"activity_log","geo","jsonb",NULL,"YES",NULL,NULL
"activity_log","meta","jsonb",NULL,"YES",NULL,NULL
"address_contacts","id","uuid",NULL,"NO","uuid_generate_v4()",NULL
"address_contacts","address_id","uuid",NULL,"YES",NULL,NULL
"address_contacts","contact_id","uuid",NULL,"YES",NULL,NULL
"address_contacts","contact_type_id","uuid",NULL,"YES",NULL,NULL
"address_contacts","is_primary","boolean",NULL,"YES","false",NULL
"address_contacts","metadata","jsonb",NULL,"YES",NULL,NULL
"address_contacts","created_at","timestamp with time zone",NULL,"YES","now()",NULL
"address_contacts","updated_at","timestamp with time zone",NULL,"YES","now()",NULL
"address_opportunities","id","uuid",NULL,"NO","uuid_generate_v4()",NULL
"address_opportunities","address_id","uuid",NULL,"YES",NULL,NULL
"address_opportunities","opportunity_id","uuid",NULL,"YES",NULL,NULL
"address_opportunities","relationship_type","character varying",50,"YES",NULL,NULL
"address_opportunities","active","boolean",NULL,"YES","true",NULL
"address_opportunities","metadata","jsonb",NULL,"YES",NULL,NULL
"address_opportunities","created_at","timestamp with time zone",NULL,"YES","now()",NULL
"address_opportunities","updated_at","timestamp with time zone",NULL,"YES","now()",NULL
"addresses","id","uuid",NULL,"NO","uuid_generate_v4()",NULL
"addresses","name","character varying",255,"YES",NULL,NULL
"addresses","street","character varying",255,"NO",NULL,NULL
"addresses","address_line_2","character varying",255,"YES",NULL,NULL
"addresses","city","character varying",100,"YES",NULL,NULL
"addresses","state","character varying",50,"YES",NULL,NULL
"addresses","postal_code","character varying",20,"YES",NULL,NULL
"addresses","status","character varying",50,"YES","'ACTIVE'::character varying",NULL
"addresses","notes","text",NULL,"YES",NULL,NULL
"addresses","property_condition","jsonb",NULL,"YES",NULL,NULL
"addresses","next_knock_date","timestamp with time zone",NULL,"YES",NULL,NULL
"addresses","street_id","uuid",NULL,"YES",NULL,NULL
"addresses","neighborhood_id","uuid",NULL,"YES",NULL,NULL
"addresses","created_by","uuid",NULL,"YES",NULL,NULL
"addresses","location_geo","USER-DEFINED",NULL,"YES",NULL,NULL
"addresses","metadata","jsonb",NULL,"YES",NULL,NULL
"addresses","created_at","timestamp with time zone",NULL,"YES","now()",NULL
"addresses","updated_at","timestamp with time zone",NULL,"YES","now()",NULL
"addresses","collection_id","uuid",NULL,"YES",NULL,NULL
"bucket_codes","id","uuid",NULL,"NO","uuid_generate_v4()",NULL
"bucket_codes","bucket_type_id","uuid",NULL,"YES",NULL,NULL
"bucket_codes","code","character varying",50,"NO",NULL,NULL
"bucket_codes","description","text",NULL,"YES",NULL,NULL
"bucket_codes","is_active","boolean",NULL,"YES","true",NULL
"bucket_codes","color","character varying",50,"YES",NULL,NULL
"bucket_codes","icon","character varying",100,"YES",NULL,NULL
"bucket_codes","metadata","jsonb",NULL,"YES",NULL,NULL
"bucket_codes","created_at","timestamp with time zone",NULL,"YES","now()",NULL
"bucket_codes","updated_at","timestamp with time zone",NULL,"YES","now()",NULL
"bucket_settings","id","uuid",NULL,"NO","uuid_generate_v4()",NULL
"bucket_settings","bucket_id","uuid",NULL,"YES",NULL,NULL
"bucket_settings","visibility_rules","jsonb",NULL,"YES",NULL,NULL
"bucket_settings","display_order","integer",NULL,"YES",NULL,NULL
"bucket_settings","color","character varying",50,"YES",NULL,NULL
"bucket_settings","icon","character varying",100,"YES",NULL,NULL
"bucket_settings","is_archived","boolean",NULL,"YES","false",NULL
"bucket_settings","metadata","jsonb",NULL,"YES",NULL,NULL
"bucket_settings","created_at","timestamp with time zone",NULL,"YES","now()",NULL
"bucket_settings","updated_at","timestamp with time zone",NULL,"YES","now()",NULL
"bucket_types","id","uuid",NULL,"NO","uuid_generate_v4()",NULL
"bucket_types","bucket_name","character varying",255,"NO",NULL,NULL
"bucket_types","description","text",NULL,"YES",NULL,NULL
"bucket_types","is_active","boolean",NULL,"YES","true",NULL
"bucket_types","color","character varying",50,"YES",NULL,NULL
"bucket_types","settings","jsonb",NULL,"YES",NULL,NULL
"bucket_types","created_at","timestamp with time zone",NULL,"YES","now()",NULL
"bucket_types","updated_at","timestamp with time zone",NULL,"YES","now()",NULL
"collection_pulse","id","uuid",NULL,"NO","uuid_generate_v4()",NULL
"collection_pulse","collection_id","uuid",NULL,"YES",NULL,NULL
"collection_pulse","pulse_type","character varying",50,"YES",NULL,NULL
"collection_pulse","content","jsonb",NULL,"YES",NULL,NULL
"collection_pulse","last_synced","timestamp with time zone",NULL,"YES",NULL,NULL
"collection_pulse","metadata","jsonb",NULL,"YES",NULL,NULL
"collection_pulse","created_at","timestamp with time zone",NULL,"YES","now()",NULL
"collection_pulse","updated_at","timestamp with time zone",NULL,"YES","now()",NULL
"collections","id","uuid",NULL,"NO","uuid_generate_v4()",NULL
"collections","name","character varying",255,"YES",NULL,NULL
"collections","status","character varying",50,"YES","'ACTIVE'::character varying",NULL
"collections","created_by","uuid",NULL,"YES",NULL,NULL
"collections","metadata","jsonb",NULL,"YES",NULL,NULL
"collections","created_at","timestamp with time zone",NULL,"YES","now()",NULL
"collections","updated_at","timestamp with time zone",NULL,"YES","now()",NULL
"collections","filter_criteria","jsonb",NULL,"YES",NULL,NULL
"contact_types","id","uuid",NULL,"NO","uuid_generate_v4()",NULL
"contact_types","type","character varying",100,"NO",NULL,NULL
"contact_types","description","text",NULL,"YES",NULL,NULL
"contact_types","active","boolean",NULL,"YES","true",NULL
"contact_types","settings","jsonb",NULL,"YES",NULL,NULL
"contact_types","created_at","timestamp with time zone",NULL,"YES","now()",NULL
"contact_types","updated_at","timestamp with time zone",NULL,"YES","now()",NULL
"contacts","id","uuid",NULL,"NO","uuid_generate_v4()",NULL
"contacts","first_name","character varying",100,"YES",NULL,NULL
"contacts","last_name","character varying",100,"YES",NULL,NULL
"contacts","email","character varying",255,"YES",NULL,NULL
"contacts","notes","text",NULL,"YES",NULL,NULL
"contacts","facebook","character varying",255,"YES",NULL,NULL
"contacts","x","character varying",255,"YES",NULL,NULL
"contacts","instagram","character varying",255,"YES",NULL,NULL
"contacts","linkedin","character varying",255,"YES",NULL,NULL
"contacts","cover_photo","character varying",255,"YES",NULL,NULL
"contacts","status","character varying",50,"YES","'ACTIVE'::character varying",NULL
"contacts","contact_approval","boolean",NULL,"YES","false",NULL
"contacts","contact_type_id","uuid",NULL,"YES",NULL,NULL
"contacts","created_by","uuid",NULL,"YES",NULL,NULL
"contacts","updated_by","uuid",NULL,"YES",NULL,NULL
"contacts","metadata","jsonb",NULL,"YES",NULL,NULL
"contacts","created_at","timestamp with time zone",NULL,"YES","now()",NULL
"contacts","updated_at","timestamp with time zone",NULL,"YES","now()",NULL
"contacts","collection_id","uuid",NULL,"YES",NULL,NULL
"core_settings","id","integer",NULL,"NO","nextval('core_settings_id_seq'::regclass)",NULL
"core_settings","setting_key","character varying",100,"NO",NULL,NULL
"core_settings","setting_value","jsonb",NULL,"YES",NULL,NULL
"core_settings","created_at","timestamp with time zone",NULL,"YES","now()",NULL
"core_settings","updated_at","timestamp with time zone",NULL,"YES","now()",NULL
"department_milestones","id","uuid",NULL,"NO","uuid_generate_v4()",NULL
"department_milestones","department_id","uuid",NULL,"YES",NULL,NULL
"department_milestones","milestone_id","uuid",NULL,"YES",NULL,NULL
"department_milestones","is_active","boolean",NULL,"YES","true",NULL
"department_milestones","target_count","integer",NULL,"YES",NULL,NULL
"department_milestones","target_period","character varying",50,"YES",NULL,NULL
"department_milestones","metadata","jsonb",NULL,"YES",NULL,NULL
"department_milestones","created_at","timestamp with time zone",NULL,"YES","now()",NULL
"department_milestones","updated_at","timestamp with time zone",NULL,"YES","now()",NULL
"department_roles","id","uuid",NULL,"NO","uuid_generate_v4()",NULL
"department_roles","department_id","uuid",NULL,"YES",NULL,NULL
"department_roles","role_id","uuid",NULL,"YES",NULL,NULL
"department_roles","metadata","jsonb",NULL,"YES",NULL,NULL
"department_roles","created_at","timestamp with time zone",NULL,"YES","now()",NULL
"department_roles","updated_at","timestamp with time zone",NULL,"YES","now()",NULL
"department_types","id","uuid",NULL,"NO","uuid_generate_v4()",NULL
"department_types","name","character varying",255,"NO",NULL,NULL
"department_types","description","text",NULL,"YES",NULL,NULL
"department_types","settings","jsonb",NULL,"YES",NULL,NULL
"department_types","created_at","timestamp with time zone",NULL,"YES","now()",NULL
"department_types","updated_at","timestamp with time zone",NULL,"YES","now()",NULL
"department_views","id","uuid",NULL,"NO","uuid_generate_v4()",NULL
"department_views","department_id","uuid",NULL,"YES",NULL,NULL
"department_views","name","character varying",255,"NO",NULL,NULL
"department_views","description","text",NULL,"YES",NULL,NULL
"department_views","view_components","jsonb",NULL,"YES",NULL,NULL
"department_views","metadata","jsonb",NULL,"YES",NULL,NULL
"department_views","created_at","timestamp with time zone",NULL,"YES","now()",NULL
"department_views","updated_at","timestamp with time zone",NULL,"YES","now()",NULL
"document_types","id","uuid",NULL,"NO","uuid_generate_v4()",NULL
"document_types","name","character varying",100,"NO",NULL,NULL
"document_types","processor_id","character varying",255,"YES",NULL,NULL
"document_types","extraction_schema","jsonb",NULL,"YES",NULL,NULL
"document_types","icon","character varying",100,"YES",NULL,NULL
"document_types","color","character varying",50,"YES",NULL,NULL
"document_types","settings","jsonb",NULL,"YES",NULL,NULL
"document_types","created_at","timestamp with time zone",NULL,"YES","now()",NULL
"document_types","updated_at","timestamp with time zone",NULL,"YES","now()",NULL
"drive_access_levels","id","uuid",NULL,"NO","uuid_generate_v4()",NULL
"drive_access_levels","name","character varying",100,"NO",NULL,NULL
"drive_access_levels","description","text",NULL,"YES",NULL,NULL
"drive_access_levels","settings","jsonb",NULL,"YES",NULL,NULL
"drive_access_levels","created_at","timestamp with time zone",NULL,"YES","now()",NULL
"drive_access_levels","updated_at","timestamp with time zone",NULL,"YES","now()",NULL
"drive_achievements","id","uuid",NULL,"NO","uuid_generate_v4()",NULL
"drive_achievements","drive_type_id","uuid",NULL,"YES",NULL,NULL
"drive_achievements","achievement_type_id","uuid",NULL,"YES",NULL,NULL
"drive_achievements","active","boolean",NULL,"YES","true",NULL
"drive_achievements","metadata","jsonb",NULL,"YES",NULL,NULL
"drive_achievements","created_at","timestamp with time zone",NULL,"YES","now()",NULL
"drive_achievements","updated_at","timestamp with time zone",NULL,"YES","now()",NULL
"drive_buckets","id","uuid",NULL,"NO","uuid_generate_v4()",NULL
"drive_buckets","drive_type_id","uuid",NULL,"YES",NULL,NULL
"drive_buckets","bucket_type_id","uuid",NULL,"YES",NULL,NULL
"drive_buckets","display_order","integer",NULL,"YES",NULL,NULL
"drive_buckets","metadata","jsonb",NULL,"YES",NULL,NULL
"drive_buckets","created_at","timestamp with time zone",NULL,"YES","now()",NULL
"drive_buckets","updated_at","timestamp with time zone",NULL,"YES","now()",NULL
"drive_departments","id","uuid",NULL,"NO","uuid_generate_v4()",NULL
"drive_departments","drive_type_id","uuid",NULL,"YES",NULL,NULL
"drive_departments","department_id","uuid",NULL,"YES",NULL,NULL
"drive_departments","metadata","jsonb",NULL,"YES",NULL,NULL
"drive_departments","created_at","timestamp with time zone",NULL,"YES","now()",NULL
"drive_departments","updated_at","timestamp with time zone",NULL,"YES","now()",NULL
"drive_geography_mapping","id","uuid",NULL,"NO","uuid_generate_v4()",NULL
"drive_geography_mapping","drive_type_id","uuid",NULL,"YES",NULL,NULL
"drive_geography_mapping","geographic_level","character varying",50,"YES",NULL,NULL
"drive_geography_mapping","can_cross_boundaries","boolean",NULL,"YES","false",NULL
"drive_geography_mapping","metadata","jsonb",NULL,"YES",NULL,NULL
"drive_geography_mapping","created_at","timestamp with time zone",NULL,"YES","now()",NULL
"drive_geography_mapping","updated_at","timestamp with time zone",NULL,"YES","now()",NULL
"drive_types","id","uuid",NULL,"NO","uuid_generate_v4()",NULL
"drive_types","name","character varying",255,"NO",NULL,NULL
"drive_types","description","text",NULL,"YES",NULL,NULL
"drive_types","icon","character varying",100,"YES",NULL,NULL
"drive_types","color","character varying",50,"YES",NULL,NULL
"drive_types","conditions","jsonb",NULL,"YES",NULL,NULL
"drive_types","rep_role_types","ARRAY",NULL,"YES",NULL,NULL
"drive_types","entity_type_id","uuid",NULL,"YES",NULL,NULL
"drive_types","settings","jsonb",NULL,"YES",NULL,NULL
"drive_types","created_at","timestamp with time zone",NULL,"YES","now()",NULL
"drive_types","updated_at","timestamp with time zone",NULL,"YES","now()",NULL
"entities","id","uuid",NULL,"NO","uuid_generate_v4()",NULL
"entities","entity_type_id","uuid",NULL,"NO",NULL,NULL
"entities","status","character varying",50,"YES","'ACTIVE'::character varying",NULL
"entities","metadata","jsonb",NULL,"YES",NULL,NULL
"entities","created_by","uuid",NULL,"YES",NULL,NULL
"entities","created_at","timestamp with time zone",NULL,"YES","now()",NULL
"entities","updated_at","timestamp with time zone",NULL,"YES","now()",NULL
"entity_achievement_types","id","uuid",NULL,"NO","uuid_generate_v4()",NULL
"entity_achievement_types","name","character varying",255,"NO",NULL,NULL
"entity_achievement_types","description","text",NULL,"YES",NULL,NULL
"entity_achievement_types","icon","character varying",100,"YES",NULL,NULL
"entity_achievement_types","color","character varying",50,"YES",NULL,NULL
"entity_achievement_types","conditions","jsonb",NULL,"YES",NULL,NULL
"entity_achievement_types","settings","jsonb",NULL,"YES",NULL,NULL
"entity_achievement_types","created_at","timestamp with time zone",NULL,"YES","now()",NULL
"entity_achievement_types","updated_at","timestamp with time zone",NULL,"YES","now()",NULL
"entity_achievements","id","uuid",NULL,"NO","uuid_generate_v4()",NULL
"entity_achievements","entity_id","character varying",255,"YES",NULL,NULL
"entity_achievements","entity_type_id","uuid",NULL,"YES",NULL,NULL
"entity_achievements","achievement_type_id","uuid",NULL,"YES",NULL,NULL
"entity_achievements","time_period","character varying",50,"YES",NULL,NULL
"entity_achievements","notes","text",NULL,"YES",NULL,NULL
"entity_achievements","created_by","uuid",NULL,"YES",NULL,NULL
"entity_achievements","visit_timestamp","timestamp with time zone",NULL,"YES",NULL,NULL
"entity_achievements","metadata","jsonb",NULL,"YES",NULL,NULL
"entity_achievements","created_at","timestamp with time zone",NULL,"YES","now()",NULL
"entity_achievements","updated_at","timestamp with time zone",NULL,"YES","now()",NULL
"entity_card_layout","id","uuid",NULL,"NO","uuid_generate_v4()",NULL
"entity_card_layout","entity_type_id","uuid",NULL,"YES",NULL,NULL
"entity_card_layout","entity_card_type_id","uuid",NULL,"YES",NULL,NULL
"entity_card_layout","display_order","integer",NULL,"YES",NULL,NULL
"entity_card_layout","created_at","timestamp with time zone",NULL,"YES","now()",NULL
"entity_card_layout","updated_at","timestamp with time zone",NULL,"YES","now()",NULL
"entity_card_pulse","id","uuid",NULL,"NO","uuid_generate_v4()",NULL
"entity_card_pulse","entity_id","character varying",255,"YES",NULL,NULL
"entity_card_pulse","entity_type_id","uuid",NULL,"YES",NULL,NULL
"entity_card_pulse","pulse_type","character varying",50,"YES",NULL,NULL
"entity_card_pulse","last_synced","timestamp with time zone",NULL,"YES",NULL,NULL
"entity_card_pulse","metadata","jsonb",NULL,"YES",NULL,NULL
"entity_card_pulse","created_at","timestamp with time zone",NULL,"YES","now()",NULL
"entity_card_pulse","updated_at","timestamp with time zone",NULL,"YES","now()",NULL
"entity_card_pulse_calendar","id","uuid",NULL,"NO","uuid_generate_v4()",NULL
"entity_card_pulse_calendar","pulse_id","uuid",NULL,"YES",NULL,NULL
"entity_card_pulse_calendar","event_id","character varying",255,"YES",NULL,NULL
"entity_card_pulse_calendar","title","character varying",255,"YES",NULL,NULL
"entity_card_pulse_calendar","description","text",NULL,"YES",NULL,NULL
"entity_card_pulse_calendar","start_time","timestamp with time zone",NULL,"YES",NULL,NULL
"entity_card_pulse_calendar","end_time","timestamp with time zone",NULL,"YES",NULL,NULL
"entity_card_pulse_calendar","attendees","jsonb",NULL,"YES",NULL,NULL
"entity_card_pulse_calendar","location","text",NULL,"YES",NULL,NULL
"entity_card_pulse_calendar","status","character varying",50,"YES",NULL,NULL
"entity_card_pulse_calendar","created_at","timestamp with time zone",NULL,"YES","now()",NULL
"entity_card_pulse_calendar","updated_at","timestamp with time zone",NULL,"YES","now()",NULL
"entity_card_pulse_drive","id","uuid",NULL,"NO","uuid_generate_v4()",NULL
"entity_card_pulse_drive","pulse_id","uuid",NULL,"YES",NULL,NULL
"entity_card_pulse_drive","file_id","character varying",255,"YES",NULL,NULL
"entity_card_pulse_drive","file_name","character varying",255,"YES",NULL,NULL
"entity_card_pulse_drive","file_type","character varying",50,"YES",NULL,NULL
"entity_card_pulse_drive","file_url","character varying",255,"YES",NULL,NULL
"entity_card_pulse_drive","thumbnail_url","character varying",255,"YES",NULL,NULL
"entity_card_pulse_drive","last_modified","timestamp with time zone",NULL,"YES",NULL,NULL
"entity_card_pulse_drive","modified_by","character varying",255,"YES",NULL,NULL
"entity_card_pulse_drive","created_at","timestamp with time zone",NULL,"YES","now()",NULL
"entity_card_pulse_drive","updated_at","timestamp with time zone",NULL,"YES","now()",NULL
"entity_card_pulse_external_users","id","uuid",NULL,"NO",NULL,NULL
"entity_card_pulse_external_users","email","character varying",255,"NO",NULL,NULL
"entity_card_pulse_external_users","name","character varying",255,"NO",NULL,NULL
"entity_card_pulse_external_users","organization","character varying",255,"YES",NULL,NULL
"entity_card_pulse_external_users","status","character varying",50,"YES","'ACTIVE'::character varying",NULL
"entity_card_pulse_external_users","access_type","character varying",50,"YES","'RESTRICTED'::character varying",NULL
"entity_card_pulse_external_users","expiry_date","timestamp without time zone",NULL,"YES",NULL,NULL
"entity_card_pulse_external_users","created_by","uuid",NULL,"NO",NULL,NULL
"entity_card_pulse_external_users","metadata","jsonb",NULL,"YES",NULL,NULL
"entity_card_pulse_external_users","created_at","timestamp without time zone",NULL,"NO",NULL,NULL
"entity_card_pulse_external_users","updated_at","timestamp without time zone",NULL,"NO",NULL,NULL
"entity_card_pulse_gemini","id","uuid",NULL,"NO","uuid_generate_v4()",NULL
"entity_card_pulse_gemini","pulse_id","uuid",NULL,"YES",NULL,NULL
"entity_card_pulse_gemini","prompt_id","character varying",255,"YES",NULL,NULL
"entity_card_pulse_gemini","prompt_text","text",NULL,"YES",NULL,NULL
"entity_card_pulse_gemini","response_text","text",NULL,"YES",NULL,NULL
"entity_card_pulse_gemini","created_by","character varying",255,"YES",NULL,NULL
"entity_card_pulse_gemini","created_at","timestamp with time zone",NULL,"YES","now()",NULL
"entity_card_pulse_gemini","updated_at","timestamp with time zone",NULL,"YES","now()",NULL
"entity_card_pulse_gmail","id","uuid",NULL,"NO","uuid_generate_v4()",NULL
"entity_card_pulse_gmail","pulse_id","uuid",NULL,"YES",NULL,NULL
"entity_card_pulse_gmail","message_id","character varying",255,"YES",NULL,NULL
"entity_card_pulse_gmail","thread_id","character varying",255,"YES",NULL,NULL
"entity_card_pulse_gmail","subject","character varying",255,"YES",NULL,NULL
"entity_card_pulse_gmail","snippet","text",NULL,"YES",NULL,NULL
"entity_card_pulse_gmail","from_email","character varying",255,"YES",NULL,NULL
"entity_card_pulse_gmail","to_email","character varying",255,"YES",NULL,NULL
"entity_card_pulse_gmail","cc","character varying",255,"YES",NULL,NULL
"entity_card_pulse_gmail","received_at","timestamp with time zone",NULL,"YES",NULL,NULL
"entity_card_pulse_gmail","has_attachments","boolean",NULL,"YES","false",NULL
"entity_card_pulse_gmail","labels","jsonb",NULL,"YES",NULL,NULL
"entity_card_pulse_gmail","created_at","timestamp with time zone",NULL,"YES","now()",NULL
"entity_card_pulse_gmail","updated_at","timestamp with time zone",NULL,"YES","now()",NULL
"entity_card_pulse_lead_referrals","id","uuid",NULL,"NO",NULL,NULL
"entity_card_pulse_lead_referrals","external_user_id","uuid",NULL,"NO",NULL,NULL
"entity_card_pulse_lead_referrals","opportunity_id","uuid",NULL,"YES",NULL,NULL
"entity_card_pulse_lead_referrals","referral_status","character varying",50,"YES","'NEW'::character varying",NULL
"entity_card_pulse_lead_referrals","estimated_value","numeric",NULL,"YES",NULL,NULL
"entity_card_pulse_lead_referrals","actual_value","numeric",NULL,"YES",NULL,NULL
"entity_card_pulse_lead_referrals","closed_date","timestamp without time zone",NULL,"YES",NULL,NULL
"entity_card_pulse_lead_referrals","referral_reward_type","character varying",50,"YES",NULL,NULL
"entity_card_pulse_lead_referrals","referral_reward_amount","numeric",NULL,"YES",NULL,NULL
"entity_card_pulse_lead_referrals","referral_reward_status","character varying",50,"YES","'PENDING'::character varying",NULL
"entity_card_pulse_lead_referrals","notes","text",NULL,"YES",NULL,NULL
"entity_card_pulse_lead_referrals","metadata","jsonb",NULL,"YES",NULL,NULL
"entity_card_pulse_lead_referrals","created_at","timestamp without time zone",NULL,"NO",NULL,NULL
"entity_card_pulse_lead_referrals","updated_at","timestamp without time zone",NULL,"NO",NULL,NULL
"entity_card_pulse_meet","id","uuid",NULL,"NO","uuid_generate_v4()",NULL
"entity_card_pulse_meet","pulse_id","uuid",NULL,"YES",NULL,NULL
"entity_card_pulse_meet","meeting_id","character varying",255,"YES",NULL,NULL
"entity_card_pulse_meet","title","character varying",255,"YES",NULL,NULL
"entity_card_pulse_meet","start_time","timestamp with time zone",NULL,"YES",NULL,NULL
"entity_card_pulse_meet","end_time","timestamp with time zone",NULL,"YES",NULL,NULL
"entity_card_pulse_meet","attendees","jsonb",NULL,"YES",NULL,NULL
"entity_card_pulse_meet","recording_url","character varying",255,"YES",NULL,NULL
"entity_card_pulse_meet","notes_url","character varying",255,"YES",NULL,NULL
"entity_card_pulse_meet","status","character varying",50,"YES",NULL,NULL
"entity_card_pulse_meet","created_at","timestamp with time zone",NULL,"YES","now()",NULL
"entity_card_pulse_meet","updated_at","timestamp with time zone",NULL,"YES","now()",NULL
"entity_card_pulse_message_read_status","id","uuid",NULL,"NO",NULL,NULL
"entity_card_pulse_message_read_status","collection_id","uuid",NULL,"NO",NULL,NULL
"entity_card_pulse_message_read_status","user_id","uuid",NULL,"NO",NULL,NULL
"entity_card_pulse_message_read_status","last_read_message_id","uuid",NULL,"YES",NULL,NULL
"entity_card_pulse_message_read_status","created_at","timestamp without time zone",NULL,"NO",NULL,NULL
"entity_card_pulse_message_read_status","updated_at","timestamp without time zone",NULL,"NO",NULL,NULL
"entity_card_pulse_messages","id","uuid",NULL,"NO",NULL,NULL
"entity_card_pulse_messages","collection_id","uuid",NULL,"NO",NULL,NULL
"entity_card_pulse_messages","sender_id","uuid",NULL,"NO",NULL,NULL
"entity_card_pulse_messages","sender_role","character varying",50,"YES",NULL,NULL
"entity_card_pulse_messages","message_text","text",NULL,"NO",NULL,NULL
"entity_card_pulse_messages","entity_id","uuid",NULL,"YES",NULL,NULL
"entity_card_pulse_messages","entity_type","character varying",50,"YES",NULL,NULL
"entity_card_pulse_messages","message_type","character varying",50,"YES","'CHAT'::character varying",NULL
"entity_card_pulse_messages","visibility_level","character varying",50,"YES","'ALL'::character varying",NULL
"entity_card_pulse_messages","is_external_visible","boolean",NULL,"YES","false",NULL
"entity_card_pulse_messages","metadata","jsonb",NULL,"YES",NULL,NULL
"entity_card_pulse_messages","created_at","timestamp without time zone",NULL,"NO",NULL,NULL
"entity_card_pulse_messages","updated_at","timestamp without time zone",NULL,"NO",NULL,NULL
"entity_card_pulse_notebook","id","uuid",NULL,"NO","uuid_generate_v4()",NULL
"entity_card_pulse_notebook","pulse_id","uuid",NULL,"YES",NULL,NULL
"entity_card_pulse_notebook","notebook_id","character varying",255,"YES",NULL,NULL
"entity_card_pulse_notebook","title","character varying",255,"YES",NULL,NULL
"entity_card_pulse_notebook","content","text",NULL,"YES",NULL,NULL
"entity_card_pulse_notebook","last_edited","timestamp with time zone",NULL,"YES",NULL,NULL
"entity_card_pulse_notebook","edited_by","character varying",255,"YES",NULL,NULL
"entity_card_pulse_notebook","shared_with","jsonb",NULL,"YES",NULL,NULL
"entity_card_pulse_notebook","created_at","timestamp with time zone",NULL,"YES","now()",NULL
"entity_card_pulse_notebook","updated_at","timestamp with time zone",NULL,"YES","now()",NULL
"entity_card_pulse_photo_annotations","id","uuid",NULL,"NO",NULL,NULL
"entity_card_pulse_photo_annotations","photo_id","uuid",NULL,"NO",NULL,NULL
"entity_card_pulse_photo_annotations","annotation_type","character varying",50,"NO",NULL,NULL
"entity_card_pulse_photo_annotations","coordinates","jsonb",NULL,"NO",NULL,NULL
"entity_card_pulse_photo_annotations","properties","jsonb",NULL,"YES",NULL,NULL
"entity_card_pulse_photo_annotations","created_by","uuid",NULL,"NO",NULL,NULL
"entity_card_pulse_photo_annotations","created_at","timestamp without time zone",NULL,"NO",NULL,NULL
"entity_card_pulse_photo_annotations","updated_at","timestamp without time zone",NULL,"NO",NULL,NULL
"entity_card_pulse_photos","id","uuid",NULL,"NO",NULL,NULL
"entity_card_pulse_photos","entity_id","uuid",NULL,"NO",NULL,NULL
"entity_card_pulse_photos","entity_type","character varying",50,"NO",NULL,NULL
"entity_card_pulse_photos","name","character varying",255,"NO",NULL,NULL
"entity_card_pulse_photos","file_type","character varying",50,"YES","'IMAGE'::character varying",NULL
"entity_card_pulse_photos","drive_file_id","character varying",255,"NO",NULL,NULL
"entity_card_pulse_photos","drive_view_link","character varying",500,"YES",NULL,NULL
"entity_card_pulse_photos","drive_download_link","character varying",500,"YES",NULL,NULL
"entity_card_pulse_photos","thumbnail_url","character varying",500,"YES",NULL,NULL
"entity_card_pulse_photos","mime_type","character varying",100,"YES",NULL,NULL
"entity_card_pulse_photos","size","integer",NULL,"YES",NULL,NULL
"entity_card_pulse_photos","created_by","uuid",NULL,"NO",NULL,NULL
"entity_card_pulse_photos","is_primary","boolean",NULL,"YES","false",NULL
"entity_card_pulse_photos","photo_type","character varying",50,"YES",NULL,NULL
"entity_card_pulse_photos","capture_date","timestamp without time zone",NULL,"YES",NULL,NULL
"entity_card_pulse_photos","labels","jsonb",NULL,"YES",NULL,NULL
"entity_card_pulse_photos","annotations","jsonb",NULL,"YES",NULL,NULL
"entity_card_pulse_photos","visibility_level","character varying",50,"YES","'ALL'::character varying",NULL
"entity_card_pulse_photos","is_external_visible","boolean",NULL,"YES","false",NULL
"entity_card_pulse_photos","metadata","jsonb",NULL,"YES",NULL,NULL
"entity_card_pulse_photos","created_at","timestamp without time zone",NULL,"NO",NULL,NULL
"entity_card_pulse_photos","updated_at","timestamp without time zone",NULL,"NO",NULL,NULL
"entity_card_pulse_referral_status_history","id","uuid",NULL,"NO",NULL,NULL
"entity_card_pulse_referral_status_history","referral_id","uuid",NULL,"NO",NULL,NULL
"entity_card_pulse_referral_status_history","previous_status","character varying",50,"YES",NULL,NULL
"entity_card_pulse_referral_status_history","new_status","character varying",50,"NO",NULL,NULL
"entity_card_pulse_referral_status_history","changed_by","uuid",NULL,"NO",NULL,NULL
"entity_card_pulse_referral_status_history","notes","text",NULL,"YES",NULL,NULL
"entity_card_pulse_referral_status_history","created_at","timestamp without time zone",NULL,"NO",NULL,NULL
"entity_card_pulse_role_levels","role","character varying",50,"NO",NULL,NULL
"entity_card_pulse_role_levels","access_level","integer",NULL,"NO",NULL,NULL
"entity_card_pulse_role_levels","description","text",NULL,"YES",NULL,NULL
"entity_card_pulse_tasks","id","uuid",NULL,"NO","uuid_generate_v4()",NULL
"entity_card_pulse_tasks","pulse_id","uuid",NULL,"YES",NULL,NULL
"entity_card_pulse_tasks","task_id","character varying",255,"YES",NULL,NULL
"entity_card_pulse_tasks","title","character varying",255,"YES",NULL,NULL
"entity_card_pulse_tasks","description","text",NULL,"YES",NULL,NULL
"entity_card_pulse_tasks","due_date","timestamp with time zone",NULL,"YES",NULL,NULL
"entity_card_pulse_tasks","assigned_to","character varying",255,"YES",NULL,NULL
"entity_card_pulse_tasks","status","character varying",50,"YES",NULL,NULL
"entity_card_pulse_tasks","priority","character varying",50,"YES",NULL,NULL
"entity_card_pulse_tasks","created_at","timestamp with time zone",NULL,"YES","now()",NULL
"entity_card_pulse_tasks","updated_at","timestamp with time zone",NULL,"YES","now()",NULL
"entity_cards","id","uuid",NULL,"NO","uuid_generate_v4()",NULL
"entity_cards","name","character varying",255,"NO",NULL,NULL
"entity_cards","description","text",NULL,"YES",NULL,NULL
"entity_cards","icon","character varying",100,"YES",NULL,NULL
"entity_cards","color","character varying",50,"YES",NULL,NULL
"entity_cards","is_active","boolean",NULL,"YES","true",NULL
"entity_cards","display_order","integer",NULL,"YES",NULL,NULL
"entity_cards","created_at","timestamp with time zone",NULL,"YES","now()",NULL
"entity_cards","updated_at","timestamp with time zone",NULL,"YES","now()",NULL
"entity_engagement_access_conflict","id","uuid",NULL,"NO","uuid_generate_v4()",NULL
"entity_engagement_access_conflict","policy_name","character varying",100,"NO",NULL,NULL
"entity_engagement_access_conflict","is_active","boolean",NULL,"YES","true",NULL
"entity_engagement_access_conflict","priority_order","jsonb",NULL,"YES",NULL,NULL
"entity_engagement_access_conflict","metadata","jsonb",NULL,"YES",NULL,NULL
"entity_engagement_access_conflict","created_at","timestamp with time zone",NULL,"YES","now()",NULL
"entity_engagement_access_conflict","updated_at","timestamp with time zone",NULL,"YES","now()",NULL
"entity_engagement_access_default_rules","id","uuid",NULL,"NO","uuid_generate_v4()",NULL
"entity_engagement_access_default_rules","role_id","uuid",NULL,"YES",NULL,NULL
"entity_engagement_access_default_rules","default_access_level_id","uuid",NULL,"YES",NULL,NULL
"entity_engagement_access_default_rules","applies_to","character varying",100,"YES",NULL,NULL
"entity_engagement_access_default_rules","settings","jsonb",NULL,"YES",NULL,NULL
"entity_engagement_access_default_rules","created_at","timestamp with time zone",NULL,"YES","now()",NULL
"entity_engagement_access_default_rules","updated_at","timestamp with time zone",NULL,"YES","now()",NULL
"entity_engagement_access_history","id","uuid",NULL,"NO","uuid_generate_v4()",NULL
"entity_engagement_access_history","entity_type_id","uuid",NULL,"YES",NULL,NULL
"entity_engagement_access_history","entity_id","character varying",255,"YES",NULL,NULL
"entity_engagement_access_history","user_id","uuid",NULL,"YES",NULL,NULL
"entity_engagement_access_history","assigned_by","uuid",NULL,"YES",NULL,NULL
"entity_engagement_access_history","assigned_at","timestamp with time zone",NULL,"YES",NULL,NULL
"entity_engagement_access_history","unassigned_at","timestamp with time zone",NULL,"YES",NULL,NULL
"entity_engagement_access_history","unassigned_by","uuid",NULL,"YES",NULL,NULL
"entity_engagement_access_history","action","character varying",50,"YES",NULL,NULL
"entity_engagement_access_history","metadata","jsonb",NULL,"YES",NULL,NULL
"entity_engagement_access_history","created_at","timestamp with time zone",NULL,"YES","now()",NULL
"entity_engagement_access_history","updated_at","timestamp with time zone",NULL,"YES","now()",NULL
"entity_engagement_role_permissions","id","uuid",NULL,"NO","uuid_generate_v4()",NULL
"entity_engagement_role_permissions","role_id","uuid",NULL,"YES",NULL,NULL
"entity_engagement_role_permissions","engagement_role_id","uuid",NULL,"YES",NULL,NULL
"entity_engagement_role_permissions","can_assign","boolean",NULL,"YES","false",NULL
"entity_engagement_role_permissions","can_revoke","boolean",NULL,"YES","false",NULL
"entity_engagement_role_permissions","applies_to_entity_types","ARRAY",NULL,"YES",NULL,NULL
"entity_engagement_role_permissions","settings","jsonb",NULL,"YES",NULL,NULL
"entity_engagement_role_permissions","created_at","timestamp with time zone",NULL,"YES","now()",NULL
"entity_engagement_role_permissions","updated_at","timestamp with time zone",NULL,"YES","now()",NULL
"entity_engagement_role_types","id","uuid",NULL,"NO","uuid_generate_v4()",NULL
"entity_engagement_role_types","name","character varying",100,"NO",NULL,NULL
"entity_engagement_role_types","description","text",NULL,"YES",NULL,NULL
"entity_engagement_role_types","is_active","boolean",NULL,"YES","true",NULL
"entity_engagement_role_types","settings","jsonb",NULL,"YES",NULL,NULL
"entity_engagement_role_types","created_at","timestamp with time zone",NULL,"YES","now()",NULL
"entity_engagement_role_types","updated_at","timestamp with time zone",NULL,"YES","now()",NULL
"entity_engagement_roles","id","uuid",NULL,"NO","uuid_generate_v4()",NULL
"entity_engagement_roles","name","character varying",100,"NO",NULL,NULL
"entity_engagement_roles","description","text",NULL,"YES",NULL,NULL
"entity_engagement_roles","engagement_role_type_id","uuid",NULL,"YES",NULL,NULL
"entity_engagement_roles","applies_to_entity_types","ARRAY",NULL,"YES",NULL,NULL
"entity_engagement_roles","is_active","boolean",NULL,"YES","true",NULL
"entity_engagement_roles","settings","jsonb",NULL,"YES",NULL,NULL
"entity_engagement_roles","created_at","timestamp with time zone",NULL,"YES","now()",NULL
"entity_engagement_roles","updated_at","timestamp with time zone",NULL,"YES","now()",NULL
"entity_engagements","id","uuid",NULL,"NO","uuid_generate_v4()",NULL
"entity_engagements","entity_id","character varying",255,"YES",NULL,NULL
"entity_engagements","entity_type_id","uuid",NULL,"YES",NULL,NULL
"entity_engagements","user_id","uuid",NULL,"YES",NULL,NULL
"entity_engagements","engagement_role_id","uuid",NULL,"YES",NULL,NULL
"entity_engagements","assigned_at","timestamp with time zone",NULL,"YES",NULL,NULL
"entity_engagements","assigned_by","uuid",NULL,"YES",NULL,NULL
"entity_engagements","is_active","boolean",NULL,"YES","true",NULL
"entity_engagements","metadata","jsonb",NULL,"YES",NULL,NULL
"entity_engagements","created_at","timestamp with time zone",NULL,"YES","now()",NULL
"entity_engagements","updated_at","timestamp with time zone",NULL,"YES","now()",NULL
"entity_event_approvals","id","uuid",NULL,"NO","uuid_generate_v4()",NULL
"entity_event_approvals","entity_event_id","uuid",NULL,"YES",NULL,NULL
"entity_event_approvals","approval_role_id","uuid",NULL,"YES",NULL,NULL
"entity_event_approvals","requested_at","timestamp with time zone",NULL,"YES",NULL,NULL
"entity_event_approvals","requested_by","uuid",NULL,"YES",NULL,NULL
"entity_event_approvals","status","character varying",50,"YES",NULL,NULL
"entity_event_approvals","approved_at","timestamp with time zone",NULL,"YES",NULL,NULL
"entity_event_approvals","approved_by","uuid",NULL,"YES",NULL,NULL
"entity_event_approvals","rejection_reason","text",NULL,"YES",NULL,NULL
"entity_event_approvals","notes","text",NULL,"YES",NULL,NULL
"entity_event_approvals","metadata","jsonb",NULL,"YES",NULL,NULL
"entity_event_approvals","created_at","timestamp with time zone",NULL,"YES","now()",NULL
"entity_event_approvals","updated_at","timestamp with time zone",NULL,"YES","now()",NULL
"entity_event_types","id","uuid",NULL,"NO","uuid_generate_v4()",NULL
"entity_event_types","name","character varying",100,"NO",NULL,NULL
"entity_event_types","description","text",NULL,"YES",NULL,NULL
"entity_event_types","icon","character varying",100,"YES",NULL,NULL
"entity_event_types","color","character varying",50,"YES",NULL,NULL
"entity_event_types","entity_type_id","uuid",NULL,"YES",NULL,NULL
"entity_event_types","available_to_roles","ARRAY",NULL,"YES",NULL,NULL
"entity_event_types","needs_approval","boolean",NULL,"YES","false",NULL
"entity_event_types","approver_roles","ARRAY",NULL,"YES",NULL,NULL
"entity_event_types","is_active","boolean",NULL,"YES","true",NULL
"entity_event_types","settings","jsonb",NULL,"YES",NULL,NULL
"entity_event_types","created_at","timestamp with time zone",NULL,"YES","now()",NULL
"entity_event_types","updated_at","timestamp with time zone",NULL,"YES","now()",NULL
"entity_event_types","notification_template_id","uuid",NULL,"YES",NULL,NULL
"entity_event_types","approval_threshold","integer",NULL,"YES",NULL,NULL
"entity_event_types","approval_expiry_days","integer",NULL,"YES",NULL,NULL
"entity_event_types","auto_approve_after_days","integer",NULL,"YES",NULL,NULL
"entity_event_types","approval_logic","character varying",50,"YES",NULL,NULL
"entity_events","id","uuid",NULL,"NO","uuid_generate_v4()",NULL
"entity_events","entity_id","uuid",NULL,"NO",NULL,NULL
"entity_events","entity_type_id","uuid",NULL,"NO",NULL,NULL
"entity_events","entity_event_type","character varying",100,"YES",NULL,NULL
"entity_events","entity_event_id","uuid",NULL,"YES",NULL,NULL
"entity_events","action","character varying",100,"YES",NULL,NULL
"entity_events","performed_by","uuid",NULL,"YES",NULL,NULL
"entity_events","performed_at","timestamp with time zone",NULL,"YES","now()",NULL
"entity_events","previous_state","jsonb",NULL,"YES",NULL,NULL
"entity_events","new_state","jsonb",NULL,"YES",NULL,NULL
"entity_events","change_summary","text",NULL,"YES",NULL,NULL
"entity_events","metadata","jsonb",NULL,"YES",NULL,NULL
"entity_events","created_at","timestamp with time zone",NULL,"YES","now()",NULL
"entity_files","id","uuid",NULL,"NO","uuid_generate_v4()",NULL
"entity_files","entity_id","uuid",NULL,"NO",NULL,NULL
"entity_files","entity_type","character varying",50,"NO",NULL,NULL
"entity_files","file_type","character varying",50,"NO",NULL,NULL
"entity_files","name","character varying",255,"NO",NULL,NULL
"entity_files","drive_file_id","character varying",255,"NO",NULL,NULL
"entity_files","drive_view_link","text",NULL,"YES",NULL,NULL
"entity_files","drive_download_link","text",NULL,"YES",NULL,NULL
"entity_files","thumbnail_url","text",NULL,"YES",NULL,NULL
"entity_files","mime_type","character varying",100,"YES",NULL,NULL
"entity_files","size","bigint",NULL,"YES",NULL,NULL
"entity_files","created_by","uuid",NULL,"YES",NULL,NULL
"entity_files","metadata","jsonb",NULL,"YES",NULL,NULL
"entity_files","created_at","timestamp with time zone",NULL,"NO","now()",NULL
"entity_files","updated_at","timestamp with time zone",NULL,"NO","now()",NULL
"entity_managers","id","uuid",NULL,"NO","uuid_generate_v4()",NULL
"entity_managers","entity_id","uuid",NULL,"NO",NULL,NULL
"entity_managers","user_id","uuid",NULL,"NO",NULL,NULL
"entity_managers","role_id","uuid",NULL,"NO",NULL,NULL
"entity_managers","assigned_at","timestamp with time zone",NULL,"YES","now()",NULL
"entity_managers","assigned_by","uuid",NULL,"YES",NULL,NULL
"entity_managers","is_active","boolean",NULL,"YES","true",NULL
"entity_managers","metadata","jsonb",NULL,"YES",NULL,NULL
"entity_managers","created_at","timestamp with time zone",NULL,"YES","now()",NULL
"entity_managers","updated_at","timestamp with time zone",NULL,"YES","now()",NULL
"entity_photos","id","uuid",NULL,"NO","uuid_generate_v4()",NULL
"entity_photos","entity_id","character varying",255,"YES",NULL,NULL
"entity_photos","entity_type_id","uuid",NULL,"YES",NULL,NULL
"entity_photos","photo_url","character varying",255,"NO",NULL,NULL
"entity_photos","photo_type","character varying",50,"YES",NULL,NULL
"entity_photos","is_primary","boolean",NULL,"YES","false",NULL
"entity_photos","description","text",NULL,"YES",NULL,NULL
"entity_photos","created_by","uuid",NULL,"YES",NULL,NULL
"entity_photos","metadata","jsonb",NULL,"YES",NULL,NULL
"entity_photos","created_at","timestamp with time zone",NULL,"YES","now()",NULL
"entity_photos","updated_at","timestamp with time zone",NULL,"YES","now()",NULL
"entity_touchpoints","id","uuid",NULL,"NO","uuid_generate_v4()",NULL
"entity_touchpoints","entity_id","character varying",255,"YES",NULL,NULL
"entity_touchpoints","entity_type_id","uuid",NULL,"YES",NULL,NULL
"entity_touchpoints","touchpoint_code_id","uuid",NULL,"YES",NULL,NULL
"entity_touchpoints","notes","text",NULL,"YES",NULL,NULL
"entity_touchpoints","status","character varying",50,"YES",NULL,NULL
"entity_touchpoints","created_by","uuid",NULL,"YES",NULL,NULL
"entity_touchpoints","created_at","timestamp with time zone",NULL,"YES","now()",NULL
"entity_touchpoints","updated_at","timestamp with time zone",NULL,"YES","now()",NULL
"entity_types","id","uuid",NULL,"NO","uuid_generate_v4()",NULL
"entity_types","display_name","character varying",255,"NO",NULL,NULL
"entity_types","parent_category","character varying",100,"YES",NULL,NULL
"entity_types","is_filterable","boolean",NULL,"YES","true",NULL
"entity_types","settings","jsonb",NULL,"YES",NULL,NULL
"entity_types","created_at","timestamp with time zone",NULL,"YES","now()",NULL
"entity_types","updated_at","timestamp with time zone",NULL,"YES","now()",NULL
"entity_zones","id","uuid",NULL,"NO","uuid_generate_v4()",NULL
"entity_zones","entity_id","character varying",255,"YES",NULL,NULL
"entity_zones","zone_id","uuid",NULL,"YES",NULL,NULL
"entity_zones","relationship_type","character varying",50,"YES",NULL,NULL
"entity_zones","is_primary","boolean",NULL,"YES","false",NULL
"entity_zones","metadata","jsonb",NULL,"YES",NULL,NULL
"entity_zones","created_at","timestamp with time zone",NULL,"YES","now()",NULL
"entity_zones","updated_at","timestamp with time zone",NULL,"YES","now()",NULL
"estimate_types","id","uuid",NULL,"NO","uuid_generate_v4()",NULL
"estimate_types","name","character varying",255,"NO",NULL,NULL
"estimate_types","description","text",NULL,"YES",NULL,NULL
"estimate_types","template_id","character varying",255,"YES",NULL,NULL
"estimate_types","requires_signature","boolean",NULL,"YES","true",NULL
"estimate_types","fields","jsonb",NULL,"YES",NULL,NULL
"estimate_types","settings","jsonb",NULL,"YES",NULL,NULL
"estimate_types","created_at","timestamp with time zone",NULL,"YES","now()",NULL
"estimate_types","updated_at","timestamp with time zone",NULL,"YES","now()",NULL
"filter_fields","id","uuid",NULL,"NO","uuid_generate_v4()",NULL
"filter_fields","entity_type_id","uuid",NULL,"YES",NULL,NULL
"filter_fields","field_name","character varying",100,"NO",NULL,NULL
"filter_fields","display_name","character varying",255,"NO",NULL,NULL
"filter_fields","field_type","character varying",50,"NO",NULL,NULL
"filter_fields","is_filterable","boolean",NULL,"YES","true",NULL
"filter_fields","is_searchable","boolean",NULL,"YES","true",NULL
"filter_fields","filter_operators","jsonb",NULL,"YES",NULL,NULL
"filter_fields","default_operator","character varying",50,"YES",NULL,NULL
"filter_fields","sort_order","integer",NULL,"YES",NULL,NULL
"filter_fields","created_at","timestamp with time zone",NULL,"YES","now()",NULL
"filter_fields","updated_at","timestamp with time zone",NULL,"YES","now()",NULL
"geographic_zones","id","uuid",NULL,"NO","uuid_generate_v4()",NULL
"geographic_zones","parent_id","uuid",NULL,"YES",NULL,NULL
"geographic_zones","name","character varying",255,"NO",NULL,NULL
"geographic_zones","level","integer",NULL,"YES",NULL,NULL
"geographic_zones","boundary","USER-DEFINED",NULL,"YES",NULL,NULL
"geographic_zones","google_place_id","character varying",255,"YES",NULL,NULL
"geographic_zones","place_type","character varying",100,"YES",NULL,NULL
"geographic_zones","metadata","jsonb",NULL,"YES",NULL,NULL
"geographic_zones","created_at","timestamp with time zone",NULL,"YES","now()",NULL
"geographic_zones","updated_at","timestamp with time zone",NULL,"YES","now()",NULL
"geography_columns","f_table_catalog","name",NULL,"YES",NULL,NULL
"geography_columns","f_table_schema","name",NULL,"YES",NULL,NULL
"geography_columns","f_table_name","name",NULL,"YES",NULL,NULL
"geography_columns","f_geography_column","name",NULL,"YES",NULL,NULL
"geography_columns","coord_dimension","integer",NULL,"YES",NULL,NULL
"geography_columns","srid","integer",NULL,"YES",NULL,NULL
"geography_columns","type","text",NULL,"YES",NULL,NULL
"geometry_columns","f_table_catalog","character varying",256,"YES",NULL,NULL
"geometry_columns","f_table_schema","name",NULL,"YES",NULL,NULL
"geometry_columns","f_table_name","name",NULL,"YES",NULL,NULL
"geometry_columns","f_geometry_column","name",NULL,"YES",NULL,NULL
"geometry_columns","coord_dimension","integer",NULL,"YES",NULL,NULL
"geometry_columns","srid","integer",NULL,"YES",NULL,NULL
"geometry_columns","type","character varying",30,"YES",NULL,NULL
"goal_types","id","uuid",NULL,"NO","uuid_generate_v4()",NULL
"goal_types","name","character varying",255,"NO",NULL,NULL
"goal_types","description","text",NULL,"YES",NULL,NULL
"goal_types","target_value","numeric",NULL,"YES",NULL,NULL
"goal_types","unit","character varying",50,"YES",NULL,NULL
"goal_types","time_period","character varying",50,"YES",NULL,NULL
"goal_types","trigger_type","character varying",50,"YES",NULL,NULL
"goal_types","trigger_details","jsonb",NULL,"YES",NULL,NULL
"goal_types","is_active","boolean",NULL,"YES","true",NULL
"goal_types","created_at","timestamp with time zone",NULL,"YES","now()",NULL
"goal_types","updated_at","timestamp with time zone",NULL,"YES","now()",NULL
"group_views","id","uuid",NULL,"NO","uuid_generate_v4()",NULL
"group_views","group_id","uuid",NULL,"YES",NULL,NULL
"group_views","view_configuration_id","uuid",NULL,"YES",NULL,NULL
"group_views","entity_type_id","uuid",NULL,"YES",NULL,NULL
"group_views","order_index","integer",NULL,"YES",NULL,NULL
"group_views","is_default","boolean",NULL,"YES","false",NULL
"group_views","metadata","jsonb",NULL,"YES",NULL,NULL
"group_views","created_at","timestamp with time zone",NULL,"YES","now()",NULL
"group_views","updated_at","timestamp with time zone",NULL,"YES","now()",NULL
"location_departments","id","uuid",NULL,"NO","uuid_generate_v4()",NULL
"location_departments","location_id","uuid",NULL,"YES",NULL,NULL
"location_departments","department_id","uuid",NULL,"YES",NULL,NULL
"location_departments","metadata","jsonb",NULL,"YES",NULL,NULL
"location_departments","created_at","timestamp with time zone",NULL,"YES","now()",NULL
"location_departments","updated_at","timestamp with time zone",NULL,"YES","now()",NULL
"location_documentation","id","uuid",NULL,"NO","uuid_generate_v4()",NULL
"location_documentation","location_id","uuid",NULL,"YES",NULL,NULL
"location_documentation","title","character varying",255,"NO",NULL,NULL
"location_documentation","content","text",NULL,"YES",NULL,NULL
"location_documentation","document_type","character varying",50,"YES",NULL,NULL
"location_documentation","google_doc_id","character varying",255,"YES",NULL,NULL
"location_documentation","version","character varying",50,"YES",NULL,NULL
"location_documentation","is_active","boolean",NULL,"YES","true",NULL
"location_documentation","requires_acknowledgment","boolean",NULL,"YES","false",NULL
"location_documentation","voice_enabled","boolean",NULL,"YES","false",NULL
"location_documentation","metadata","jsonb",NULL,"YES",NULL,NULL
"location_documentation","created_at","timestamp with time zone",NULL,"YES","now()",NULL
"location_documentation","updated_at","timestamp with time zone",NULL,"YES","now()",NULL
"location_drives","id","uuid",NULL,"NO","uuid_generate_v4()",NULL
"location_drives","location_id","uuid",NULL,"YES",NULL,NULL
"location_drives","drive_id","uuid",NULL,"YES",NULL,NULL
"location_drives","name","character varying",255,"YES",NULL,NULL
"location_drives","description","text",NULL,"YES",NULL,NULL
"location_drives","start_date","date",NULL,"YES",NULL,NULL
"location_drives","end_date","date",NULL,"YES",NULL,NULL
"location_drives","is_active","boolean",NULL,"YES","true",NULL
"location_drives","settings","jsonb",NULL,"YES",NULL,NULL
"location_drives","created_at","timestamp with time zone",NULL,"YES","now()",NULL
"location_drives","updated_at","timestamp with time zone",NULL,"YES","now()",NULL
"location_settings","id","uuid",NULL,"NO","uuid_generate_v4()",NULL
"location_settings","name","character varying",255,"YES",NULL,NULL
"location_settings","street","character varying",255,"YES",NULL,NULL
"location_settings","address_line_2","character varying",255,"YES",NULL,NULL
"location_settings","city","character varying",100,"YES",NULL,NULL
"location_settings","state","character varying",50,"YES",NULL,NULL
"location_settings","postal_code","character varying",20,"YES",NULL,NULL
"location_settings","country","character varying",100,"YES",NULL,NULL
"location_settings","main_phone","character varying",50,"YES",NULL,NULL
"location_settings","website_url","character varying",255,"YES",NULL,NULL
"location_settings","logo_url","character varying",255,"YES",NULL,NULL
"location_settings","industry","character varying",100,"YES",NULL,NULL
"location_settings","default_timezone","character varying",50,"YES",NULL,NULL
"location_settings","default_currency","character varying",10,"YES",NULL,NULL
"location_settings","branding_settings","jsonb",NULL,"YES",NULL,NULL
"location_settings","metadata","jsonb",NULL,"YES",NULL,NULL
"location_settings","created_at","timestamp with time zone",NULL,"YES","now()",NULL
"location_settings","updated_at","timestamp with time zone",NULL,"YES","now()",NULL
"location_types","id","uuid",NULL,"NO","uuid_generate_v4()",NULL
"location_types","name","character varying",255,"NO",NULL,NULL
"location_types","description","text",NULL,"YES",NULL,NULL
"location_types","is_active","boolean",NULL,"YES","true",NULL
"location_types","settings","jsonb",NULL,"YES",NULL,NULL
"location_types","created_at","timestamp with time zone",NULL,"YES","now()",NULL
"location_types","updated_at","timestamp with time zone",NULL,"YES","now()",NULL
"locations","id","uuid",NULL,"NO","uuid_generate_v4()",NULL
"locations","name","character varying",255,"NO",NULL,NULL
"locations","location_type_id","uuid",NULL,"YES",NULL,NULL
"locations","address_id","uuid",NULL,"YES",NULL,NULL
"locations","status","character varying",50,"YES",NULL,NULL
"locations","metadata","jsonb",NULL,"YES",NULL,NULL
"locations","created_at","timestamp with time zone",NULL,"YES","now()",NULL
"locations","updated_at","timestamp with time zone",NULL,"YES","now()",NULL
"neighborhood_streets","id","uuid",NULL,"NO","uuid_generate_v4()",NULL
"neighborhood_streets","neighborhood_id","uuid",NULL,"YES",NULL,NULL
"neighborhood_streets","name","character varying",255,"NO",NULL,NULL
"neighborhood_streets","start_address_number","integer",NULL,"YES",NULL,NULL
"neighborhood_streets","end_address_number","integer",NULL,"YES",NULL,NULL
"neighborhood_streets","address_parity","character varying",50,"YES",NULL,NULL
"neighborhood_streets","geometry","USER-DEFINED",NULL,"YES",NULL,NULL
"neighborhood_streets","metadata","jsonb",NULL,"YES",NULL,NULL
"neighborhood_streets","created_at","timestamp with time zone",NULL,"YES","now()",NULL
"neighborhood_streets","updated_at","timestamp with time zone",NULL,"YES","now()",NULL
"neighborhoods","id","uuid",NULL,"NO","uuid_generate_v4()",NULL
"neighborhoods","name","character varying",255,"NO",NULL,NULL
"neighborhoods","description","text",NULL,"YES",NULL,NULL
"neighborhoods","boundaries","USER-DEFINED",NULL,"YES",NULL,NULL
"neighborhoods","metadata","jsonb",NULL,"YES",NULL,NULL
"neighborhoods","created_at","timestamp with time zone",NULL,"YES","now()",NULL
"neighborhoods","updated_at","timestamp with time zone",NULL,"YES","now()",NULL
"notification_types","id","uuid",NULL,"NO","uuid_generate_v4()",NULL
"notification_types","name","character varying",100,"NO",NULL,NULL
"notification_types","description","text",NULL,"YES",NULL,NULL
"notification_types","icon","character varying",100,"YES",NULL,NULL
"notification_types","color","character varying",50,"YES",NULL,NULL
"notification_types","template_title","character varying",255,"YES",NULL,NULL
"notification_types","template_message","text",NULL,"YES",NULL,NULL
"notification_types","is_active","boolean",NULL,"YES","true",NULL
"notification_types","settings","jsonb",NULL,"YES",NULL,NULL
"notification_types","created_at","timestamp with time zone",NULL,"YES","now()",NULL
"notification_types","updated_at","timestamp with time zone",NULL,"YES","now()",NULL
"opportunities","id","uuid",NULL,"NO","uuid_generate_v4()",NULL
"opportunities","opportunity_type_id","uuid",NULL,"YES",NULL,NULL
"opportunities","status","character varying",50,"YES","'ACTIVE'::character varying",NULL
"opportunities","notes","text",NULL,"YES",NULL,NULL
"opportunities","created_by","uuid",NULL,"YES",NULL,NULL
"opportunities","metadata","jsonb",NULL,"YES",NULL,NULL
"opportunities","created_at","timestamp with time zone",NULL,"YES","now()",NULL
"opportunities","updated_at","timestamp with time zone",NULL,"YES","now()",NULL
"opportunities","collection_id","uuid",NULL,"YES",NULL,NULL
"opportunity_contacts","id","uuid",NULL,"NO","uuid_generate_v4()",NULL
"opportunity_contacts","opportunity_id","uuid",NULL,"YES",NULL,NULL
"opportunity_contacts","contact_id","uuid",NULL,"YES",NULL,NULL
"opportunity_contacts","relationship_type","character varying",50,"YES",NULL,NULL
"opportunity_contacts","is_primary","boolean",NULL,"YES","false",NULL
"opportunity_contacts","metadata","jsonb",NULL,"YES",NULL,NULL
"opportunity_contacts","created_at","timestamp with time zone",NULL,"YES","now()",NULL
"opportunity_contacts","updated_at","timestamp with time zone",NULL,"YES","now()",NULL
"opportunity_types","id","uuid",NULL,"NO","uuid_generate_v4()",NULL
"opportunity_types","name","character varying",255,"NO",NULL,NULL
"opportunity_types","description","text",NULL,"YES",NULL,NULL
"opportunity_types","is_active","boolean",NULL,"YES","true",NULL
"opportunity_types","settings","jsonb",NULL,"YES",NULL,NULL
"opportunity_types","created_at","timestamp with time zone",NULL,"YES","now()",NULL
"opportunity_types","updated_at","timestamp with time zone",NULL,"YES","now()",NULL
"permissions","id","uuid",NULL,"NO","uuid_generate_v4()",NULL
"permissions","name","character varying",100,"NO",NULL,NULL
"permissions","description","text",NULL,"YES",NULL,NULL
"permissions","resource","character varying",100,"YES",NULL,NULL
"permissions","action","character varying",100,"YES",NULL,NULL
"permissions","status","character varying",50,"YES",NULL,NULL
"permissions","entity_type_id","uuid",NULL,"YES",NULL,NULL
"permissions","created_at","timestamp with time zone",NULL,"YES","now()",NULL
"permissions","updated_at","timestamp with time zone",NULL,"YES","now()",NULL
"permissions","metadata","jsonb",NULL,"YES",NULL,NULL
"role_goals","id","uuid",NULL,"NO","uuid_generate_v4()",NULL
"role_goals","role_id","uuid",NULL,"YES",NULL,NULL
"role_goals","goal_definition_id","uuid",NULL,"YES",NULL,NULL
"role_goals","settings","jsonb",NULL,"YES",NULL,NULL
"role_goals","created_at","timestamp with time zone",NULL,"YES","now()",NULL
"role_permissions","id","uuid",NULL,"NO","uuid_generate_v4()",NULL
"role_permissions","role_id","uuid",NULL,"YES",NULL,NULL
"role_permissions","permission_id","uuid",NULL,"YES",NULL,NULL
"role_permissions","settings","jsonb",NULL,"YES",NULL,NULL
"role_permissions","created_at","timestamp with time zone",NULL,"YES","now()",NULL
"role_permissions","activity_log_id","uuid",NULL,"YES",NULL,NULL
"role_settings","id","uuid",NULL,"NO","uuid_generate_v4()",NULL
"role_settings","role_id","uuid",NULL,"YES",NULL,NULL
"role_settings","primary_board_id","uuid",NULL,"YES",NULL,NULL
"role_settings","primary_department_id","uuid",NULL,"YES",NULL,NULL
"role_settings","primary_entity_type_id","uuid",NULL,"YES",NULL,NULL
"role_settings","settings","jsonb",NULL,"YES",NULL,NULL
"role_settings","created_at","timestamp with time zone",NULL,"YES","now()",NULL
"role_settings","updated_at","timestamp with time zone",NULL,"YES","now()",NULL
"role_views","id","uuid",NULL,"NO","uuid_generate_v4()",NULL
"role_views","role_id","uuid",NULL,"YES",NULL,NULL
"role_views","name","character varying",255,"NO",NULL,NULL
"role_views","description","text",NULL,"YES",NULL,NULL
"role_views","view_components","jsonb",NULL,"YES",NULL,NULL
"role_views","metadata","jsonb",NULL,"YES",NULL,NULL
"role_views","created_at","timestamp with time zone",NULL,"YES","now()",NULL
"role_views","updated_at","timestamp with time zone",NULL,"YES","now()",NULL
"saved_filters","id","uuid",NULL,"NO","uuid_generate_v4()",NULL
"saved_filters","name","character varying",255,"NO",NULL,NULL
"saved_filters","description","text",NULL,"YES",NULL,NULL
"saved_filters","entity_type_id","uuid",NULL,"YES",NULL,NULL
"saved_filters","filter_definition","jsonb",NULL,"NO",NULL,NULL
"saved_filters","is_global","boolean",NULL,"YES","false",NULL
"saved_filters","created_by","uuid",NULL,"YES",NULL,NULL
"saved_filters","created_at","timestamp with time zone",NULL,"YES","now()",NULL
"saved_filters","updated_at","timestamp with time zone",NULL,"YES","now()",NULL
"spatial_ref_sys","srid","integer",NULL,"NO",NULL,NULL
"spatial_ref_sys","auth_name","character varying",256,"YES",NULL,NULL
"spatial_ref_sys","auth_srid","integer",NULL,"YES",NULL,NULL
"spatial_ref_sys","srtext","character varying",2048,"YES",NULL,NULL
"spatial_ref_sys","proj4text","character varying",2048,"YES",NULL,NULL
"team_members","id","uuid",NULL,"NO","uuid_generate_v4()",NULL
"team_members","team_id","uuid",NULL,"YES",NULL,NULL
"team_members","user_id","uuid",NULL,"YES",NULL,NULL
"team_members","joined_at","timestamp with time zone",NULL,"YES","now()",NULL
"team_members","metadata","jsonb",NULL,"YES",NULL,NULL
"team_neighborhoods","id","uuid",NULL,"NO","uuid_generate_v4()",NULL
"team_neighborhoods","team_id","uuid",NULL,"YES",NULL,NULL
"team_neighborhoods","neighborhood_id","uuid",NULL,"YES",NULL,NULL
"team_neighborhoods","start_date","date",NULL,"YES",NULL,NULL
"team_neighborhoods","end_date","date",NULL,"YES",NULL,NULL
"team_neighborhoods","priority","integer",NULL,"YES",NULL,NULL
"team_neighborhoods","metadata","jsonb",NULL,"YES",NULL,NULL
"team_neighborhoods","created_at","timestamp with time zone",NULL,"YES","now()",NULL
"team_neighborhoods","updated_at","timestamp with time zone",NULL,"YES","now()",NULL
"team_settings","id","uuid",NULL,"NO","uuid_generate_v4()",NULL
"team_settings","team_id","uuid",NULL,"YES",NULL,NULL
"team_settings","settings","jsonb",NULL,"YES",NULL,NULL
"team_settings","notification_preferences","jsonb",NULL,"YES",NULL,NULL
"team_settings","display_preferences","jsonb",NULL,"YES",NULL,NULL
"team_settings","ai_features_enabled","boolean",NULL,"YES","false",NULL
"team_settings","created_at","timestamp with time zone",NULL,"YES","now()",NULL
"team_settings","updated_at","timestamp with time zone",NULL,"YES","now()",NULL
"teams","id","uuid",NULL,"NO","uuid_generate_v4()",NULL
"teams","name","character varying",255,"NO",NULL,NULL
"teams","team_leader_user_id","uuid",NULL,"YES",NULL,NULL
"teams","district_id","uuid",NULL,"YES",NULL,NULL
"teams","description","text",NULL,"YES",NULL,NULL
"teams","status","character varying",50,"YES","'ACTIVE'::character varying",NULL
"teams","boundaries","jsonb",NULL,"YES",NULL,NULL
"teams","geo_json","USER-DEFINED",NULL,"YES",NULL,NULL
"teams","color","character varying",50,"YES",NULL,NULL
"teams","opacity","numeric",NULL,"YES",NULL,NULL
"teams","line_width","integer",NULL,"YES",NULL,NULL
"teams","metadata","jsonb",NULL,"YES",NULL,NULL
"teams","created_at","timestamp with time zone",NULL,"YES","now()",NULL
"teams","updated_at","timestamp with time zone",NULL,"YES","now()",NULL
"touchpoint_achievements","id","uuid",NULL,"NO","uuid_generate_v4()",NULL
"touchpoint_achievements","touchpoint_code_id","uuid",NULL,"YES",NULL,NULL
"touchpoint_achievements","achievement_type_id","uuid",NULL,"YES",NULL,NULL
"touchpoint_achievements","created_at","timestamp with time zone",NULL,"YES","now()",NULL
"touchpoint_achievements","updated_at","timestamp with time zone",NULL,"YES","now()",NULL
"touchpoint_applicable_entities","id","uuid",NULL,"NO","uuid_generate_v4()",NULL
"touchpoint_applicable_entities","touchpoint_code_id","uuid",NULL,"YES",NULL,NULL
"touchpoint_applicable_entities","entity_type_id","uuid",NULL,"YES",NULL,NULL
"touchpoint_applicable_entities","created_at","timestamp with time zone",NULL,"YES","now()",NULL
"touchpoint_types","id","uuid",NULL,"NO","uuid_generate_v4()",NULL
"touchpoint_types","name","character varying",255,"NO",NULL,NULL
"touchpoint_types","description","text",NULL,"YES",NULL,NULL
"touchpoint_types","icon","character varying",100,"YES",NULL,NULL
"touchpoint_types","color","character varying",50,"YES",NULL,NULL
"touchpoint_types","default_follow_up_days","integer",NULL,"YES",NULL,NULL
"touchpoint_types","is_active","boolean",NULL,"YES","true",NULL
"touchpoint_types","requires_task","boolean",NULL,"YES","false",NULL
"touchpoint_types","no_show","boolean",NULL,"YES","false",NULL
"touchpoint_types","display_config","jsonb",NULL,"YES",NULL,NULL
"touchpoint_types","is_team_visible","boolean",NULL,"YES","false",NULL
"touchpoint_types","settings","jsonb",NULL,"YES",NULL,NULL
"touchpoint_types","created_at","timestamp with time zone",NULL,"YES","now()",NULL
"touchpoint_types","updated_at","timestamp with time zone",NULL,"YES","now()",NULL
"touchpoints","id","uuid",NULL,"NO","uuid_generate_v4()",NULL
"touchpoints","entity_type_id","uuid",NULL,"YES",NULL,NULL
"touchpoints","address_id","uuid",NULL,"YES",NULL,NULL
"touchpoints","contact_id","uuid",NULL,"YES",NULL,NULL
"touchpoints","opportunity_id","uuid",NULL,"YES",NULL,NULL
"touchpoints","user_id","uuid",NULL,"YES",NULL,NULL
"touchpoints","zone_id","uuid",NULL,"YES",NULL,NULL
"touchpoints","created_at","timestamp with time zone",NULL,"YES","now()",NULL
"user_analytics","id","uuid",NULL,"NO","uuid_generate_v4()",NULL
"user_analytics","user_id","uuid",NULL,"YES",NULL,NULL
"user_analytics","entity_id","uuid",NULL,"YES",NULL,NULL
"user_analytics","action","character varying",50,"NO",NULL,NULL
"user_analytics","occurred_at","timestamp with time zone",NULL,"YES","now()",NULL
"user_analytics","ip_address","character varying",50,"YES",NULL,NULL
"user_analytics","device","jsonb",NULL,"YES",NULL,NULL
"user_analytics","geo","jsonb",NULL,"YES",NULL,NULL
"user_analytics","meta","jsonb",NULL,"YES",NULL,NULL
"user_analytics","perf","jsonb",NULL,"YES",NULL,NULL
"user_filters","id","uuid",NULL,"NO","uuid_generate_v4()",NULL
"user_filters","user_id","uuid",NULL,"YES",NULL,NULL
"user_filters","filter_id","uuid",NULL,"YES",NULL,NULL
"user_filters","is_favorite","boolean",NULL,"YES","false",NULL
"user_filters","last_used","timestamp with time zone",NULL,"YES",NULL,NULL
"user_filters","created_at","timestamp with time zone",NULL,"YES","now()",NULL
"user_filters","updated_at","timestamp with time zone",NULL,"YES","now()",NULL
"user_google_tokens","id","uuid",NULL,"NO","uuid_generate_v4()",NULL
"user_google_tokens","user_id","uuid",NULL,"NO",NULL,NULL
"user_google_tokens","access_token","text",NULL,"NO",NULL,NULL
"user_google_tokens","refresh_token","text",NULL,"YES",NULL,NULL
"user_google_tokens","id_token","text",NULL,"YES",NULL,NULL
"user_google_tokens","expiry_date","timestamp with time zone",NULL,"NO",NULL,NULL
"user_google_tokens","scopes","ARRAY",NULL,"YES",NULL,NULL
"user_google_tokens","created_at","timestamp with time zone",NULL,"NO","now()",NULL
"user_google_tokens","updated_at","timestamp with time zone",NULL,"NO","now()",NULL
"user_roles","id","uuid",NULL,"NO","uuid_generate_v4()",NULL
"user_roles","user_id","uuid",NULL,"YES",NULL,NULL
"user_roles","role_id","uuid",NULL,"YES",NULL,NULL
"user_roles","settings","jsonb",NULL,"YES",NULL,NULL
"user_roles","created_at","timestamp with time zone",NULL,"YES","now()",NULL
"user_settings","id","uuid",NULL,"NO","uuid_generate_v4()",NULL
"user_settings","user_id","uuid",NULL,"YES",NULL,NULL
"user_settings","notification_setting_id","uuid",NULL,"YES",NULL,NULL
"user_settings","value","jsonb",NULL,"YES",NULL,NULL
"user_settings","created_at","timestamp with time zone",NULL,"YES","now()",NULL
"user_settings","updated_at","timestamp with time zone",NULL,"YES","now()",NULL
"user_view_preferences","id","uuid",NULL,"NO","uuid_generate_v4()",NULL
"user_view_preferences","user_id","uuid",NULL,"YES",NULL,NULL
"user_view_preferences","view_configuration_id","uuid",NULL,"YES",NULL,NULL
"user_view_preferences","is_favorite","boolean",NULL,"YES","false",NULL
"user_view_preferences","custom_settings","jsonb",NULL,"YES",NULL,NULL
"user_view_preferences","created_at","timestamp with time zone",NULL,"YES","now()",NULL
"user_view_preferences","updated_at","timestamp with time zone",NULL,"YES","now()",NULL
"user_zone_scope","id","uuid",NULL,"NO","uuid_generate_v4()",NULL
"user_zone_scope","user_id","uuid",NULL,"YES",NULL,NULL
"user_zone_scope","zone_id","uuid",NULL,"YES",NULL,NULL
"user_zone_scope","assigned_at","timestamp with time zone",NULL,"YES",NULL,NULL
"user_zone_scope","assigned_by","uuid",NULL,"YES",NULL,NULL
"user_zone_scope","is_active","boolean",NULL,"YES","true",NULL
"user_zone_scope","metadata","jsonb",NULL,"YES",NULL,NULL
"user_zone_scope","created_at","timestamp with time zone",NULL,"YES","now()",NULL
"user_zone_scope","updated_at","timestamp with time zone",NULL,"YES","now()",NULL
"users","id","uuid",NULL,"NO","uuid_generate_v4()",NULL
"users","username","character varying",100,"NO",NULL,NULL
"users","password_hash","character varying",255,"NO",NULL,NULL
"users","email","character varying",255,"NO",NULL,NULL
"users","first_name","character varying",100,"YES",NULL,NULL
"users","last_name","character varying",100,"YES",NULL,NULL
"users","status","character varying",50,"YES","'ACTIVE'::character varying",NULL
"users","avatar_url","character varying",255,"YES",NULL,NULL
"users","last_login","timestamp with time zone",NULL,"YES",NULL,NULL
"users","preferences","jsonb",NULL,"YES",NULL,NULL
"users","metadata","jsonb",NULL,"YES",NULL,NULL
"users","created_at","timestamp with time zone",NULL,"YES","now()",NULL
"users","updated_at","timestamp with time zone",NULL,"YES","now()",NULL
"view_configurations","id","uuid",NULL,"NO","uuid_generate_v4()",NULL
"view_configurations","view_type_id","uuid",NULL,"YES",NULL,NULL
"view_configurations","name","character varying",255,"NO",NULL,NULL
"view_configurations","config","jsonb",NULL,"YES",NULL,NULL
"view_configurations","is_system","boolean",NULL,"YES","false",NULL
"view_configurations","is_default","boolean",NULL,"YES","false",NULL
"view_configurations","created_by","uuid",NULL,"YES",NULL,NULL
"view_configurations","metadata","jsonb",NULL,"YES",NULL,NULL
"view_configurations","created_at","timestamp with time zone",NULL,"YES","now()",NULL
"view_configurations","updated_at","timestamp with time zone",NULL,"YES","now()",NULL
"view_types","id","uuid",NULL,"NO","uuid_generate_v4()",NULL
"view_types","name","character varying",50,"NO",NULL,NULL
"view_types","component_path","character varying",255,"YES",NULL,NULL
"view_types","icon","character varying",100,"YES",NULL,NULL
"view_types","description","text",NULL,"YES",NULL,NULL
"view_types","default_config","jsonb",NULL,"YES",NULL,NULL
"view_types","created_at","timestamp with time zone",NULL,"YES","now()",NULL
"view_types","updated_at","timestamp with time zone",NULL,"YES","now()",NULL
"zone_hierarchies","id","uuid",NULL,"NO","uuid_generate_v4()",NULL
"zone_hierarchies","parent_zone_id","uuid",NULL,"YES",NULL,NULL
"zone_hierarchies","child_zone_id","uuid",NULL,"YES",NULL,NULL
"zone_hierarchies","relationship_type","character varying",50,"YES",NULL,NULL
"zone_hierarchies","metadata","jsonb",NULL,"YES",NULL,NULL
"zone_hierarchies","created_at","timestamp with time zone",NULL,"YES","now()",NULL
"zone_hierarchies","updated_at","timestamp with time zone",NULL,"YES","now()",NULL
"zone_types","id","uuid",NULL,"NO","uuid_generate_v4()",NULL
"zone_types","display_name","character varying",255,"NO",NULL,NULL
"zone_types","level_order","integer",NULL,"YES",NULL,NULL
"zone_types","description","text",NULL,"YES",NULL,NULL
"zone_types","icon","character varying",100,"YES",NULL,NULL
"zone_types","default_color","character varying",50,"YES",NULL,NULL
"zone_types","default_opacity","numeric",NULL,"YES",NULL,NULL
"zone_types","default_line_width","integer",NULL,"YES",NULL,NULL
"zone_types","allowed_parent_type_ids","ARRAY",NULL,"YES",NULL,NULL
"zone_types","allowed_child_type_ids","ARRAY",NULL,"YES",NULL,NULL
"zone_types","allow_boundary_crossing","boolean",NULL,"YES","false",NULL
"zone_types","default_settings","jsonb",NULL,"YES",NULL,NULL
"zone_types","created_at","timestamp with time zone",NULL,"YES","now()",NULL
"zone_types","updated_at","timestamp with time zone",NULL,"YES","now()",NULL
"zones","id","uuid",NULL,"NO","uuid_generate_v4()",NULL
"zones","zone_type_id","uuid",NULL,"YES",NULL,NULL
"zones","parent_zone_id","uuid",NULL,"YES",NULL,NULL
"zones","name","character varying",255,"NO",NULL,NULL
"zones","description","text",NULL,"YES",NULL,NULL
"zones","status","character varying",50,"YES",NULL,NULL
"zones","boundary","USER-DEFINED",NULL,"YES",NULL,NULL
"zones","color","character varying",50,"YES",NULL,NULL
"zones","opacity","numeric",NULL,"YES",NULL,NULL
"zones","line_width","integer",NULL,"YES",NULL,NULL
"zones","settings","jsonb",NULL,"YES",NULL,NULL
"zones","metadata","jsonb",NULL,"YES",NULL,NULL
"zones","created_at","timestamp with time zone",NULL,"YES","now()",NULL
"zones","updated_at","timestamp with time zone",NULL,"YES","now()",NULL
